mysql> select * from employee;
+-------+----------+---------+--------+---------+
| EmpID | FN       | LN      | EmpAge | EmpZone |
+-------+----------+---------+--------+---------+
|     1 | jack     | sparrow |     23 | south   |
|     2 | jaya     | sree    |     26 | north   |
|     3 | nithya   | sri     |     21 | east    |
|     4 | jayanthi | sriram  |     30 | west    |
+-------+----------+---------+--------+---------+
4 rows in set (0.00 sec)

mysql> select * from employee
    -> where EmpAge BETWEEN 23 AND 27;
+-------+------+---------+--------+---------+
| EmpID | FN   | LN      | EmpAge | EmpZone |
+-------+------+---------+--------+---------+
|     1 | jack | sparrow |     23 | south   |
|     2 | jaya | sree    |     26 | north   |
+-------+------+---------+--------+---------+
2 rows in set (0.01 sec)
