mysql> select * from employee;
+-------+----------+---------+--------+---------+
| EmpID | FN       | LN      | EmpAge | EmpZone |
+-------+----------+---------+--------+---------+
|     1 | jack     | sparrow |     23 | south   |
|     2 | jaya     | sree    |     26 | north   |
|     3 | nithya   | sri     |     24 | east    |
|     4 | jayanthi | sriram  |     30 | west    |
+-------+----------+---------+--------+---------+
4 rows in set (0.00 sec)

mysql> delete from employee
    -> where EmpAge = 24;
Query OK, 1 row affected (0.02 sec)

mysql> select * from employee;
+-------+----------+---------+--------+---------+
| EmpID | FN       | LN      | EmpAge | EmpZone |
+-------+----------+---------+--------+---------+
|     1 | jack     | sparrow |     23 | south   |
|     2 | jaya     | sree    |     26 | north   |
|     4 | jayanthi | sriram  |     30 | west    |
+-------+----------+---------+--------+---------+
3 rows in set (0.00 sec)
