search for a specific pattern 
Two wild cards:
% ZERO,ONE,MORE CHARACTER
- A SINGLE CHARACTER

1) mysql> select * from employee;
+-------+----------+---------+--------+---------+
| EmpID | FN       | LN      | EmpAge | EmpZone |
+-------+----------+---------+--------+---------+
|     1 | jack     | sparrow |     23 | south   |
|     2 | jaya     | sree    |     26 | north   |
|     3 | nithya   | sri     |     21 | east    |
|     4 | jayanthi | sriram  |     30 | west    |
+-------+----------+---------+--------+---------+
4 rows in set (0.00 sec)

mysql> select * from employee
    -> where FN LIKE 'j%';
+-------+----------+---------+--------+---------+
| EmpID | FN       | LN      | EmpAge | EmpZone |
+-------+----------+---------+--------+---------+
|     1 | jack     | sparrow |     23 | south   |
|     2 | jaya     | sree    |     26 | north   |
|     4 | jayanthi | sriram  |     30 | west    |
+-------+----------+---------+--------+---------+
3 rows in set (0.01 sec)
NOTE: it includes all the name starts with 'j' %: mention all the character after 'j'

2) 
mysql> select * from employee
    -> where EmpZone Like 's%';
+-------+------+---------+--------+---------+
| EmpID | FN   | LN      | EmpAge | EmpZone |
+-------+------+---------+--------+---------+
|     1 | jack | sparrow |     23 | south   |
+-------+------+---------+--------+---------+
1 row in set (0.00 sec)

3) mysql> select * from employee
    -> where FN LIKE '%a';
+-------+--------+------+--------+---------+
| EmpID | FN     | LN   | EmpAge | EmpZone |
+-------+--------+------+--------+---------+
|     2 | jaya   | sree |     26 | north   |
|     3 | nithya | sri  |     21 | east    |
+-------+--------+------+--------+---------+
2 rows in set (0.00 sec)
NOTE: where the FN ends with 'a' 

4)mysql> select * from employee
    -> where Empzone LIKE '___t';
+-------+----------+--------+--------+---------+
| EmpID | FN       | LN     | EmpAge | EmpZone |
+-------+----------+--------+--------+---------+
|     3 | nithya   | sri    |     21 | east    |
|     4 | jayanthi | sriram |     30 | west    |
+-------+----------+--------+--------+---------+
2 rows in set (0.00 sec)
NOTE : Where the  4 th chacter is 't'
