mysql> select sum(EmpAge)
    -> from employee;
+-------------+
| sum(EmpAge) |
+-------------+
|         100 |
+-------------+
1 row in set (0.01 sec)

# changing the column name
mysql> select sum(EmpAge) AS RESULT
    -> FROM employee;
+--------+
| RESULT |
+--------+
|    100 |
+--------+
1 row in set (0.00 sec)
